{
  "indexes": [
    {
      "collectionGroup": "ventas",
      "queryScope": "COLLECTION",
      "fields": [
        {"fieldPath": "createdAt", "order": "DESCENDING"},
        {"fieldPath": "estado", "order": "ASCENDING"}
      ]
    },
    {
      "collectionGroup": "proformas",
      "queryScope": "COLLECTION",
      "fields": [
        {"fieldPath": "createdAt", "order": "DESCENDING"},
        {"fieldPath": "clienteId", "order": "ASCENDING"}
      ]
    },
    {
      "collectionGroup": "audit",
      "queryScope": "COLLECTION",
      "fields": [
        {"fieldPath": "ts", "order": "DESCENDING"},
        {"fieldPath": "email", "order": "ASCENDING"}
      ]
    }
  ],
  "fieldOverrides": []
}
